Name;Nationality;University;Degree;Field;Start_year;End_year
Ting_H.N.;Chinese;Pennsylvania;Bachelor;Arts;1915;1918
Inui_Kiyosue;Japanese;Michigan;Bachelor;Arts;1906;1906
Inui_Kiyosue;Japanese;Tokyo Imperial;Doctorate;Law;1897;1901
Yu_Leo W.;Chinese;Purdue;;;1925;1926
Yu_Leo W.;Chinese;Nebraska;Bachelor;Electrical Engineering;1925;1925
Yu_Leo W.;Chinese;Nevada;;;1922;1923
Iseri_K.T.;Japanese;Stanford;Bachelor;Arts;1921;1921
Iseri_K.T.;Japanese;Stanford;Certificate;Engineering;1922;1922
Woo_Herbert;Chinese;Columbia;Bachelor;Architecture;1933;1933
Wu_Pond S.;Chinese;Purdue;Bachelor;Civil Engineering;1914;1914
Wu_Pond S.;Chinese;Wisconsin;Master;Sciences;1915;1915
Wu_Pond S.;Chinese;Wisconsin;Master;Sciences;1915;1915
Wu_Jack Foy;Chinese;Stanford;Doctorate;Medicine;1929;1929
Wu_Jack Foy;Chinese;Stanford;;;1921;1922
Wu_Jack Foy;Chinese;Columbia;Bachelor;Arts;1925;1925
Howe_Sam;Western;Pratt Institute;;;1928;1930
Ho_Teh-Kuei;Chinese;Harvard;Master;Business Administration;1921;1921
Ho_Teh-Kuei;Chinese;Wisconsin;Bachelor;Arts;1919;1919
Ho_Ping-sung;Chinese;Princeton;Master;;1919;1919
Ho_Ping-sung;Chinese;Wisconsin;Bachelor;Arts;1915;1915
O'Hara_Floyd J.;Western;Minnesota;Bachelor;Sciences;1923;1923
O'Hara_Floyd J.;Western;Minnesota;Doctorate;Medicine;1927;1927
O'Hara_Floyd J.;Western;Pennsylvania;Master;Sciences;1933;1933
O'Hara_Floyd J.;Western;Pennsylvania;Master;Sciences;1933;1933
Ho_Philip L.;Chinese;Harvard;Master;Business Administration;1932;1932
Yee_S.K.;Chinese;Chicago;Doctorate;Law;1928;1928
Yee_S.K.;Chinese;Michigan;Bachelor;Arts;1927;1927
Yee_S.K.;Chinese;Michigan;Bachelor;Law;1927;1927
Yui_Ming;Chinese;Cornell;Bachelor;Arts;1929;1929
Yui_Ming;Chinese;Cornell;Bachelor;Law;1929;1929
Yu_Zu Shung;Chinese;Harvard;Master;Electrical Engineering;1926;1926
Yui_K.L.;Chinese;New York University;Bachelor;Arts;1923;1923
Foo_Y.C.;Chinese;Harvard;Master;Business Administration;1923;1923
Foo_Y.C.;Chinese;Washington;Bachelor;Business Administration;1921;1921
Fu_Daniel C.;Chinese;Chicago;Master;Arts;1922;1922
Fu_Daniel C.;Chinese;William Jewell;Bachelor;Arts;1917;1917
Tyau_E.S.;Chinese;Pennsylvania;Doctorate;Health Physicist;1914;1914
Tyau_E.S.;Chinese;Pennsylvania;Doctorate;Tropical Medicine;1914;1914
Lau_Waan Wai;Chinese;Cornell;Bachelor;Arts;1915;1915
Lew_Gideon T.;Chinese;Cornell;Master;Sciences;1930;1930
Lew_Gideon T.;Chinese;Cornell;Doctorate;Undetermined;1932;1932
Liu_Cheng Ling;Chinese;Cornell;Bachelor;Sciences;1918;1918
Liu_Cheng Ling;Chinese;Columbia;Master;;1924;1924
Liu_Cheng Ling;Chinese;New York University;Doctorate;Undetermined;1932;1932
Liu_H.C.E.;Chinese;Chicago;Master;;1920;1920
Liu_H.C.E.;Chinese;Columbia;Doctorate;Undetermined;1922;1922
Liu_H.C.E.;Chinese;Denison;Doctorate;Law;1929;1929
Lacy_Carleton;Western;Garrett Biblical Institute;Doctorate;Theology;1928;1929
Lacy_Carleton;Western;Northwestern;Master;Arts;1914;1914
Lacy_Carleton;Western;Garrett Biblical Institute;Bachelor;Theology;1913;1914
Lacy_Carleton;Western;Columbia;Master;Arts;1914;1914
Lacy_Carleton;Western;Ohio Wesleyan;Bachelor;Arts;1911;1911
Lacy_Carleton;Western;Ohio Wesleyan;Doctorate;Theology;1911;1911
Lao_Ginarn;Chinese;Lehigh;Master;Engineering;1918;1918
Au_Silwing P.C.;Chinese;Chicago;Doctorate;Law;1926;1926
Au_Silwing P.C.;Chinese;Michigan;;;1921;1922
Brown_Irving S.;Western;Drake;Bachelor;Arts;1920;1920
Pott_Francis L. Hawks;Western;University of Edinburgh;Doctorate;Theology;1910;1910
Pott_Francis L. Hawks;Western;General Theological Seminary;Bachelor;Theology;1886;1886
Pott_Francis L. Hawks;Western;Columbia;Bachelor;Theology;1883;1883
Pott_Francis L. Hawks;Western;Columbia;Doctorate;Theology;1929;1929
Pott_Francis L. Hawks;Western;Trinity;Doctorate;Theology;1900;1900
Brewer_R.W.;Western;Wisconsin;Bachelor;Sciences;1921;1921
Shih_Kuo-Kang;Chinese;Harvard;Master;;1931;1931
Shih_Kuo-Kang;Chinese;Beloit;Bachelor;Arts;1928;1928
Wool_Swain;Western;Columbia;Bachelor;Sciences;1930;1930
Wool_Swain;Western;William & Mary;;;1928;1929
Wu_Shou Sing;Chinese;Harvard;;;1930;1934
Wu_Shou Sing;Chinese;Columbia;;;1929;1930
Wu_Tse-Wei;Chinese;Detroit;Bachelor;Sciences;1925;1925
Wu_Tse-Wei;Chinese;Detroit;Master;Commercial Sciences;1925;1925
Wu_Hueyjung L.;Chinese;New York University;Bachelor;Commercial Sciences;1918;1918
Woo_S.T.;Chinese;Harvard;Doctorate;Medicine;1919;1919
Woo_Tonzoo C.;Chinese;Columbia;Master;Arts;1921;1921
Wu_John C.H.;Chinese;Michigan;Doctorate;Law;1921;1921
Chow_Chester T.C.;Chinese;California;Bachelor;Sciences;1922;1922
Chow_Sze Tsong;Chinese;Pennsylvania;Bachelor;Sciences;1922;1922
Chou_Tzu Pei;Chinese;Yale;Doctorate;Medicine;1926;1926
Harrington_William B.;Western;Harvard;Bachelor;Law;1932;1932
Harrington_William B.;Western;Washington & Lee;Bachelor;Arts;1929;1929
Tang_Paul;Chinese;New York University;;;1912;1913
Tang_Paul;Chinese;Pennsylvania;;;1909;1909
Chiao_Wen Shou;Chinese;Harvard;Master;Business Administration;1931;1931
Chiao_Wen Shou;Chinese;Denison;Bachelor;Sciences;1928;1928
Yen_L.C.;Chinese;Purdue;Bachelor;Sciences;1910;1910
Yen_L.C.;Chinese;Purdue;Certificate;Engineering;1917;1917
Hsia_Jui-Ching;Chinese;Chicago;Master;;1925;1925
Hsia_Jui-Ching;Chinese;Columbia;Doctorate;Undetermined;1928;1928
How_Bang;Chinese;Pennsylvania;Bachelor;Sciences;1920;1920
Ede_Franck C.;Western;Massachusetts Institute of Technology;Certificate;Engineering;1923;1923
Yao_Y.L.;Chinese;Yale;Bachelor;Arts;1924;1924
Yao_Y.L.;Chinese;Chicago;Doctorate;Law;1926;1926
Williams_J.T.;Western;Howard;Bachelor;Arts;1909;1909
Williams_J.T.;Western;Louisville;Doctorate;Theology;1921;1921
Williams_J.T.;Western;Southern Boys Seminary;Master;Theology;1913;1913
Kung_S.W.;Chinese;North Central College;Bachelor;Arts;1926;1926
Kung_S.W.;Chinese;New York University;Doctorate;Commercial Sciences;1930;1930
Kung_S.W.;Chinese;New York University;Master;Sciences;1927;1927
Kung_Hsiang-hsi;Chinese;Yale;Master;Arts;1907;1907
Kung_Hsiang-hsi;Chinese;Oberlin;Bachelor;Arts;1906;1906
Kung_Hsiang-hsi;Chinese;Oberlin;Doctorate;Law;1926;1926
Sun_Y.F. Ralph;Chinese;Brown;Bachelor;Philosophy;1912;1912
Sun_J.H.;Chinese;New York University;Bachelor;Sciences;1923;1923
Sun_J.H.;Chinese;Columbia;Master;Sciences;1924;1924
Sun_Fo;Chinese;California;Bachelor;Arts;1915;1915
Sun_Fo;Chinese;Columbia;Master;;1917;1917
Sun_Fo;Chinese;Fudan;Doctorate;Law;1935;1935
Anderson_Paul M.;Western;Emporia College;Bachelor;Arts;1914;1914
Anderson_Paul M.;Western;Pittsburg Theological Seminary;Bachelor;Theology;1917;1917
Arnold_Harrison;Western;California;Bachelor;Arts;1931;1931
Arnold_Millard;Western;California;;;1931;1931
Arnold_Julean;Western;California;Bachelor;Sciences;1902;1902
Arnold_Julean;Western;St. John's University;Doctorate;Law;1919;1919
Sung_Jess;Chinese;Harvard;Master;Business Administration;1931;1931
Soong_T.A.;Chinese;Harvard;Bachelor;Arts;1928;1928
Soong_T.V.;Chinese;Harvard;Bachelor;Arts;1917;1917
Soong_T.V.;Chinese;St. John's University;Doctorate;Law;1929;1929
Soong_T.L.;Chinese;Vanderbilt;Bachelor;Arts;1922;1922
Yung_Kai Man;Chinese;Brooklyn Polytechnic Institute;Certificate;Engineering;1920;1920
Yung_Barlett G.;Chinese;Yale;Bachelor;Sciences;1902;1902
Yung_Kuanty;Chinese;Coe College;Bachelor;Arts;1927;1927
Yung_Kuanty;Chinese;Iowa State;Master;;1928;1928
Fu_W.S.;Chinese;Harvard;Doctorate;Medicine;1925;1925
Yu_T.M.;Chinese;Cornell;Bachelor;Agricultural Science;1913;1913
Palmer_Walter;Western;Cornell;Bachelor;Sciences;1918;1918
Parker_Frederick A.;Western;Massachusetts Institute of Technology;Bachelor;Sciences;1918;1918
Parker_Frederick A.;Western;Harvard;Bachelor;Sciences;1918;1918
Tipton_William H.;Western;Carson-Newman;Bachelor;Arts;1900;1900
Tipton_William H.;Western;Carson-Newman;Doctorate;Theology;1935;1935
Chang_Samuel H.;Chinese;Haverford;Bachelor;Sciences;1924;1924
Chung_Elbert;Chinese;Southern California;;;1915;1917
Chung_Elbert;Chinese;Georgetown;Doctorate;Medicine;1923;1923
Chung_Elbert;Chinese;Pennsylvania;;;1917;1920
Chang_Hsueh-Wen;Chinese;Harvard;Master;Business Administration;1913;1913
Chang_Ting-Chin;Chinese;Ohio State;Master;Engineering;1913;1913
Chang_Ting-Chin;Chinese;Pennsylvania;Master;Electrical Engineering;1915;1915
Chang_Tuh-yui;Chinese;Pennsylvania;Master;Business Administration;1924;1924
Chang_Z.L.;Chinese;Columbia;Bachelor;Arts;1926;1926
Hsu_Paul;Chinese;Massachusetts Institute of Technology;Bachelor;Sciences;1914;1914
Zee_Andrew;Chinese;Chicago;;;1931;1933
Zee_Andrew;Chinese;Michigan;Master;Sciences;1929;1929
Zee_T.T.;Chinese;Michigan;Master;Engineering;1929;1929
Hsu_Edward Y.;Chinese;Michigan;Bachelor;Arts;1914;1914
Hsu_W. Imin;Chinese;Pennsylvania;Master;Medical Sciences;1922;1922
Tai_Tse-Chien;Chinese;Iowa;Doctorate;Undetermined;1925;1925
Tai_Tse-Chien;Chinese;New York State;Bachelor;Legal Science;1918;1918
Ngao_Sz-Chow;Chinese;Michigan;;;1927;1928
Ngao_Sz-Chow;Chinese;Columbia;Master;;1929;1929
Sze_F.C.;Chinese;Harvard;Master;;1919;1919
Sze_F.C.;Chinese;Wisconsin;Bachelor;Arts;1918;1918
Smith_Bruce M.;Western;Williams College;Bachelor;Arts;1915;1915
Sze_Ying Tse-yu;Chinese;Massachusetts Institute of Technology;Bachelor;Sciences;1914;1914
Sze_Ying Tse-yu;Chinese;Columbia;Master;Sciences;1916;1916
Speers_J.M._Jr.;Western;Princeton;Bachelor;Arts;1916;1916
Speers_J.M._Jr.;Western;New York University;Master;;1930;1930
Zau_Z.D.;Chinese;Harvard;Doctorate;Medicine;1921;1921
Tsao_Y.S.;Chinese;Yale;Bachelor;Arts;1911;1911
Tsao_Y.S.;Chinese;Harvard;Master;Business Administration;1914;1914
Tseng_Yang-fu;Chinese;Pittsburg;Master;Arts;1926;1926
Chu_Percy;Chinese;Columbia;;;1919;1920
Chu_Percy;Chinese;New York University;;;1919;1920
Jee_Luther M.;Chinese;California;Bachelor;Arts;1909;1909
Jee_Luther M.;Chinese;Harvard;Master;;1909;1909
Chu_Fred M.C.;Chinese;Y.M.C.A. College;Bachelor;Physical Education;1918;1918
Chu_Fred M.C.;Chinese;Chicago;;;1919;1919
Chu_Fred M.C.;Chinese;Pratt Institute;;;1927;1927
Lee_Herbert C.T.;Chinese;Northwestern;Doctorate;Law;1927;1927
Lee_Herbert C.T.;Chinese;Michigan;Master;Law;1926;1926
Lee_Milton C.;Chinese;Columbia;Bachelor;Arts;1926;1926
Lee_J.B.;Chinese;California;Bachelor;Sciences;1921;1921
Lee_Alfred S.;Chinese;Columbia;;;1921;1921
Lee_Alfred S.;Chinese;New York University;;;1923;1923
Li_Kang;Chinese;George Washington;Doctorate;Medicine;1920;1920
Li_Teh-young;Chinese;California;Bachelor;Sciences;1919;1919
Li_T.M.;Chinese;Pennsylvania;Doctorate;Medicine;1909;1909
Lee_Shee-Mou;Chinese;Harvard;Master;Sciences;1922;1922
Lee_Shee-Mou;Chinese;Massachusetts Institute of Technology;Master;Sciences;1918;1918
Lee_Shee-Mou;Chinese;Massachusetts Institute of Technology;Master;Sciences;1919;1919
Lee_T. Tsufan;Chinese;Massachusetts Institute of Technology;Bachelor;Arts;1919;1919
Lee_Tsu Hsien;Chinese;Rensselaer Polytechnic Institute;Certificate;Engineering;1918;1918
Lee_John Y.;Chinese;Chicago;Doctorate;Undetermined;1915;1915
Lee_John Y.;Chinese;Chicago;Bachelor;Sciences;1907;1907
Li_Kien Yo;Chinese;Cornell;Certificate;Engineering;1911;1911
Lee_Dih-yuin;Chinese;Cornell;Master;Sciences;1919;1919
Lee_Poy Gum;Chinese;Columbia;Bachelor;Architecture;1922;1922
Lee_Poy Gum;Chinese;Columbia;Bachelor;Architecture;1922;1922
Li_S.D.;Chinese;Massachusetts Institute of Technology;Bachelor;Sciences;1915;1915
Lee_Sik Chiu;Chinese;New Bedford;Master;Sciences;1922;1925
Lee_Edward W.;Chinese;New York University;Bachelor;Commercial Sciences;1928;1928
Lee_Tsufah;Chinese;Yale;Bachelor;Arts;1919;1919
Matsumato_Shigeharu;Japanese;Yale;;;1925;1925
Ling_T.G.;Chinese;Cornell;Doctorate;Undetermined;1924;1924
Ling_T.G.;Chinese;Brown;Master;;1922;1922
Ling_C.P.;Chinese;Rochester;Bachelor;Arts;1918;1918
Ling_C.P.;Chinese;Columbia;Master;;1919;1919
Lin_Hsi-cheah;Chinese;Chicago;;;1925;1926
Lin_Hsi-cheah;Chinese;Iowa State;Bachelor;Commercial Sciences;1928;1928
Lum_Kalfred Dip;Chinese;Hawaii;Bachelor;Arts;1922;1922
Lum_Kalfred Dip;Chinese;Columbia;Master;;1924;1924
Lum_Kalfred Dip;Chinese;New York University;Doctorate;Undetermined;1927;1927
Lum_Joe W.;Chinese;Stanford;Bachelor;Arts;1917;1917
Lum_Joe W.;Chinese;Columbia;Doctorate;Dental Surgery;1929;1929
Lin_D.Y.;Chinese;Yale;Master;Forestry;1914;1914
Lin_D.Y.;Chinese;Massachusetts Agricultural College;Bachelor;Sciences;1912;1912
Lin_Peter Wei;Chinese;Yale;;;1920;1921
Lin_Peter Wei;Chinese;Columbia;Master;;1922;1922
Cornish_Albert C.;Western;Princeton;Certificate;Engineering;1911;1911
Sung_I-chung;Chinese;Harvard;Master;Business Administration;1930;1930
Lang_Bak Wah;Chinese;Northwestern;Doctorate;Dental Surgery;1933;1933
Liang_Chi-tai;Chinese;Columbia;Master;;1915;1915
Liang_Chi-tai;Chinese;Wisconsin;Bachelor;Arts;1914;1914
Liang_Louis K.L.;Chinese;Columbia;Master;;1922;1922
Liang_Louis K.L.;Chinese;New York University;Master;Business Administration;1924;1924
Leung_Siuchoh C.;Chinese;Y.M.C.A. Graduate School;Bachelor;Arts;1928;1928
Leung_Siuchoh C.;Chinese;Y.M.C.A. Graduate School;Master;;1928;1928
Leung_Siuchoh C.;Chinese;Vanderbilt;Master;;1930;1930
Moy_Ernest K.;Chinese;Jenner Medical College;Doctorate;Medicine;1915;1915
Moy_Ernest K.;Chinese;Chicago;;;1914;1915
Mei_Cheuk-Shang;Chinese;Columbia;Bachelor;Sciences;1917;1917
Mei_Cheuk-Shang;Chinese;Columbia;Master;;1921;1921
Mei_Cheuk-Shang;Chinese;Columbia;Doctorate;Medicine;1921;1921
May_Samuel C.C.;Chinese;Massachusetts Institute of Technology;Bachelor;Sciences;1928;1928
May_Samuel C.C.;Chinese;Rensselaer Polytechnic Institute;Master;Engineering;1930;1930
Millican_Frank R.;Western;Yale;Master;;1926;1926
Millican_Frank R.;Western;Reed;Bachelor;Arts;1916;1916
Moy_Howard R.;Chinese;Chicago;Bachelor;Arts;1921;1921
Moy_Howard R.;Chinese;Chicago;Master;;1923;1923
Moy_Howard R.;Chinese;Chicago;Doctorate;Undetermined;1928;1928
Yang_Yung Ching;Chinese;George Washington;Bachelor;Law;1920;1920
Yang_Yung Ching;Chinese;George Washington;Master;;1920;1920
Yang_Yung Ching;Chinese;Southern College;Doctorate;Law;1930;1930
Yang_Wei-Ping;Chinese;Columbia;Master;;1920;1920
Yang_Fred Y.T.;Chinese;Pennsylvania;Bachelor;Sciences;1926;1926
Yang_Jenken;Chinese;Michigan;Bachelor;Arts;1932;1932
Yang_Sidney Hsi Yuan;Chinese;Pennsylvania;Bachelor;Sciences;1931;1931
Owyang_George T.;Chinese;Ohio State;Doctorate;Dental Surgery;1927;1927
Owyang_George T.;Chinese;Ohio State;Doctorate;Veterinrary Medicine;1919;1919
Sung_William Z.L.;Chinese;Columbia;Master;;1930;1930
Sung_William Z.L.;Chinese;Oberlin;Undetermined;Physical Education;1921;1921
Shen_Pao Guay;Chinese;Harvard;Master;Sciences;1929;1929
Shen_T.C.;Chinese;George Washington;Master;;1916;1916
Hager_A.R.;Western;Wisconsin;Bachelor;Sciences;1897;1897
Hsu_Peter Kingman;Chinese;Southern California;Doctorate;Dental Surgery;1921;1921
Hsu_Peter Kingman;Chinese;California;;;1917;1918
Plant_Woodforde H.;Western;Trinity;Bachelor;Sciences;1909;1909
Wen_Yu-Ching;Chinese;Harvard;Bachelor;Arts;1917;1917
Wen_Yu-Ching;Chinese;Harvard;Master;;1918;1918
Wen_Yu-Ching;Chinese;Harvard;Doctorate;Undetermined;1920;1920
Pawn_Zunlean;Western;Illinois;Master;Sciences;1922;1922
Pun_Tsze;Chinese;New York University;;;1923;1925
Pilcher_James B.;Western;Alabama Polytechnic Institute;Bachelor;Sciences;1920;1920
Pilcher_James B.;Western;Alabama Polytechnic Institute;Master;Sciences;1921;1921
New_W.S.;Chinese;Harvard;Doctorate;Medicine;1914;1914
Davis_Monnett B.;Western;Colorado;Bachelor;Arts;1917;1917
Wang_Tom Z.;Chinese;New York University;Bachelor;Commercial Sciences;1922;1922
Wong_I.K.;Chinese;Pennsylvania;Master;Medical Sciences;1930;1930
Wong_I.K.;Chinese;St. John's University;Doctorate;Medicine;1924;1924
Wang_K.P.;Chinese;Princeton;Bachelor;Literature;1919;1919
Wang_K.P.;Chinese;Columbia;Master;;1918;1918
Wang_Kwan-Hsien;Chinese;Michigan;Master;;1935;1935
Wang_K.S.;Chinese;Columbia;Bachelor;Arts;1921;1921
Wang_K.S.;Chinese;Columbia;Master;;1921;1921
Wang_K.S.;Chinese;Ohio State;;;1917;1917
Wong_Tse-Kong;Chinese;Ohio State;Bachelor;Sciences;1924;1924
Wong_Tse-Kong;Chinese;Pennsylvania;Master;Business Administration;1925;1925
Wang_C.Y.;Chinese;Tufts;Bachelor;Sciences;1919;1919
Wang_C.Y.;Chinese;Harvard;Master;Sciences;1920;1920
Wang_C.H.;Chinese;Yale;Bachelor;Arts;1916;1916
Wang_C.H.;Chinese;Princeton;Master;Arts;1917;1917
Wang_Thomas Chenting;Chinese;Yale;Bachelor;Arts;1910;1910
Wang_Thomas Chenting;Chinese;St. John's University;Bachelor;Law;1920;1920
Wang_Tsu-lien;Chinese;Chicago;Bachelor;Philosophy;1919;1919
Wang_Tsu-lien;Chinese;Chicago;Doctorate;Undetermined;1932;1932
Wang_Tsu-lien;Chinese;Grinnell;;;1917;1918
Wang_Ching-Shi;Chinese;Cornell;Master;Civil Engineering;1925;1925
Chang_Loy;Chinese;Harvard;Bachelor;Arts;1913;1913
Chang_Loy;Chinese;Harvard;Master;Business Administration;1916;1916
Jen_Lemuel C.C.;Chinese;California;Bachelor;Arts;1930;1930
Jen_Lemuel C.C.;Chinese;George Washington;;;1928;1928
Patton_C.E.;Western;Hanover College;Doctorate;Law;1931;1931
Patton_C.E.;Western;Princeton;Bachelor;Arts;1896;1896
Patton_C.E.;Western;Princeton;Master;;1898;1898
Butrick_Richard P.;Western;Georgetown;;;1918;1921
Loo_W.Y.;Chinese;California;Master;Sciences;1920;1921
Loo_W.Y.;Chinese;Pennsylvania;Bachelor;Sciences;1924;1924
Louison_B.H.;Western;Michigan;;;1927;1927
Ching_Chi Kwan;Chinese;Hawaii;Bachelor;Arts;1930;1930
Ching_Chi Kwan;Chinese;Pennsylvania;Master;Business Administration;1932;1932
Moh_H.Y.;Chinese;Illinois;Master;Sciences;1913;1913
Moh_H.Y.;Chinese;Wisconsin;Bachelor;Sciences;1911;1911
Chang_Kin-fang;Chinese;Harvard;Master;Business Administration;1923;1923
Rodger_H.D.;Western;Columbia;Master;Law;1920;1920
Rodger_H.D.;Western;Chattanooga;Bachelor;Law;1910;1910
Lo_Hsiao-Yung;Chinese;Columbia;Master;;1928;1928
Lo_Pan H.;Chinese;Chicago;Master;Arts;1911;1911
Lo_Pan H.;Chinese;Chicago;Doctorate;Law;1911;1911
Lo_Pan H.;Chinese;Harvard;Bachelor;Arts;1908;1908
Lo_R.Y.;Chinese;Syracuse;Master;Arts;1914;1914
Lo_R.Y.;Chinese;Syracuse;Doctorate;Undetermined;1914;1914
Lo_R.Y.;Chinese;Baldwin Wallace;Bachelor;Arts;1911;1911
Low_Yohmin;Chinese;New York University;Master;Business Administration;1922;1922
Chai_Ke Kung;Chinese;Antioch;Bachelor;Arts;1928;1928
Chai_Ke Kung;Chinese;Pennsylvania;Master;Business Administration;1931;1931
Hu_Dickson;Chinese;Cornell;Master;Civil Engineering;1925;1925
Hu_Stephen;Chinese;California;;;1924;1926
Hu_Stephen;Chinese;Johns Hopkins;Doctorate;Sciences;1931;1931
Hu_Stephen;Chinese;Cornell;Bachelor;Sciences;1928;1928
Hu_Stephen;Chinese;Cornell;Master;Sciences;1929;1929
Woo_L.S.;Chinese;Harvard;Doctorate;Medicine;1921;1921
Avery_Eric;Western;Princeton;;;1928;1929
Fan_Robert;Chinese;Pennsylvania;Bachelor;Architecture;1922;1922
Fan_Robert;Chinese;Pennsylvania;Bachelor;Architecture;1922;1922
Mao_T.E.;Chinese;Cornell;Master;Civil Engineering;1917;1917
Mao_T.E.;Chinese;Carnegie Institute of Technology;Doctorate;Engineering;1919;1919
Walker_M.P.;Western;Stevens Institute of Technology;Master;Engineering;1898;1898
Walline_Edwin E.;Western;Chicago;;;1924;1925
Walline_Edwin E.;Western;Emporia College;Doctorate;Theology;;
Walline_Edwin E.;Western;Park University;Bachelor;Arts;1914;1914
Yap_Raymond;Chinese;Tulane;;;1932;1933
Yap_Raymond;Chinese;Minnesota;;;1930;1932
Yeh_Chia-tsun;Chinese;Michigan;Master;Sciences;1921;1921
Yeh_Chia-tsun;Chinese;Cornell;Master;Civil Engineering;1920;1920
Yapp_Daniel K.F.;Western;Swarthmore;Bachelor;Arts;1917;1917
Yapp_Daniel K.F.;Western;Pennsylvania;Master;;1918;1918
Ko_I. Chih;Chinese;Purdue;Bachelor;Sciences;1925;1925
Ko_I. Chih;Chinese;Massachusetts Institute of Technology;Master;Sciences;1927;1927
Doon_Dayu;Chinese;Minnesota;Bachelor;Sciences;1925;1925
Doon_Dayu;Chinese;Columbia;Master;Sciences;1927;1927
Gale_Esson M.;Western;Leyden;Doctorate;Undetermined;1931;1931
Gale_Esson M.;Western;Michigan;Bachelor;Arts;1907;1907
Gale_Esson M.;Western;Michigan;Master;;1908;1908
Tsai_Eaton K.C.;Chinese;Grinnell;Bachelor;Arts;1912;1912
Tsai_Eaton K.C.;Chinese;Pennsylvania;Master;Business Administration;1925;1925
Choy_J.K.;Chinese;Columbia;Bachelor;Sciences;1915;1915
Tsai_Thomas Wen-hsi;Chinese;Harvard;;;1929;1930
Tsai_Thomas Wen-hsi;Chinese;Wisconsin;Master;;1931;1931
Tsai_Shing Wu;Chinese;Chicago;Bachelor;Philosophy;1918;1918
Tsai_Shing Wu;Chinese;New York University;Master;Business Administration;1919;1919
Tsha_Kingwell;Chinese;Michigan;Master;Arts;1929;1929
Tsai_Hsiung;Chinese;Lehigh;Master;Engineering;1919;1919
Tsiang_K.S.;Chinese;Illinois;Bachelor;Sciences;1911;1911
Tsiang_K.S.;Chinese;Louisiana;Master;Sciences;1912;1912
Hsueh_Wei Fan;Chinese;Ohio State;Bachelor;Sciences;1927;1927
Hsueh_Wei Fan;Chinese;Pennsylvania;Master;Business Administration;1929;1929
Sah_F.K.;Chinese;Purdue;Bachelor;Sciences;1910;1910
Sah_F.K.;Chinese;Purdue;Certificate;Engineering;1910;1910
Way_Fritz P.;Western;New York University;Master;Business Administration;1931;1931
Hsu_Jabin;Chinese;Columbia;Bachelor;Arts;1929;1929
Hsu_Tse Shing;Chinese;Pennsylvania;Master;Business Administration;1928;1928
Hsu_Kuan-san;Chinese;Cornell;Master;Civil Engineering;1925;1925
Tan_W.H.;Chinese;Yale;Bachelor;Arts;1917;1917
Chao_Shen;Chinese;Pennsylvania;Master;Architecture;1923;1923
Kuo_Y.M.;Chinese;Massachusetts Institute of Technology;Bachelor;Sciences;1919;1919
Cheu_Baihan;Chinese;Cornell;Bachelor;Sciences;1914;1914
Cheu_Baihan;Chinese;Wisconsin;Master;Sciences;1915;1915
Sawyer_John B.;Western;California;Bachelor;Sciences;1902;1902
Shaw_Albert T.H.;Chinese;Pennsylvania;Master;Business Administration;1930;1930
Shaw_Albert T.H.;Chinese;Washington;Undetermined;Physical Education;1929;1929
Kwok_Peter Y.;Chinese;California;Bachelor;Arts;1926;1926
Kwok_Peter Y.;Chinese;California;Master;;1928;1928
Kwo_K.T.;Chinese;California;;;1918;1921
Kwo_K.T.;Chinese;Purdue;Bachelor;Sciences;1923;1923
Kwok_Percy;Chinese;New York University;;;1924;1924
Kwok_Walter;Chinese;Massachusetts Institute of Technology;Bachelor;Sciences;1928;1928
Kuo_Cheng Chih;Chinese;Cornell;Master;Engineering;1918;1918
Throop_Montgomery;Western;Yale;Bachelor;Arts;1907;1907
Throop_Montgomery;Western;Yale;Master;;1911;1911
Tsou_Shang-Hsiung;Chinese;Illinois;;;1920;1922
Tsou_Shang-Hsiung;Chinese;Michigan;Bachelor;Engineering;1924;1924
Tsou_P.W.;Chinese;Cornell;Bachelor;Sciences;1916;1916
Dunn_Frank B.;Western;Purdue;Master;Sciences;1915;1915
Dunn_Frank B.;Western;Ohio State;Master;Sciences;1915;1915
Dunlap_A.M.;Western;Illinois;Bachelor;Arts;1906;1906
Dunlap_A.M.;Western;Harvard;Doctorate;Medicine;1910;1910
Zung_Y.F.;Chinese;Iowa State;Master;Sciences;1928;1928
Zung_Y.F.;Chinese;Iowa State;Doctorate;Undetermined;1930;1930
Zung_Y.F.;Chinese;Michigan State;Undetermined;Undetermined;1926;1926
Zung_Y.F.;Chinese;Ohio Northern;Bachelor;Civil Engineering;1925;1925
Khong_Loy;Chinese;New York University;Bachelor;Commercial Sciences;1912;1912
Fong_F. Sec;Chinese;California;Bachelor;Letters;1905;1905
Fong_F. Sec;Chinese;Pomona;;;1902;1902
Fong_F. Sec;Chinese;Columbia;Master;;1906;1906
Kwong_Edward Y.K.;Chinese;Pomona;Bachelor;Arts;1925;1925
Kwong_Edward Y.K.;Chinese;Columbia;Master;Sciences;1928;1928
Kwong_Frederick G.;Chinese;Illinois;Bachelor;Arts;1921;1921
Kam_Edwin;Chinese;Hawaii;;;1922;1923
Kam_Edwin;Chinese;Pennsylvania;Master;Sciences;1932;1932
Kam_Edwin;Chinese;Pennsylvania;Master;Sciences;1932;1932
Kam_Edwin;Chinese;St. John's University;Doctorate;Medicine;1930;1930
King_Benjamin;Chinese;Michigan;Master;;1933;1933
King_Benjamin;Chinese;Michigan;Master;Sciences;1933;1933
King_Chau;Chinese;Cornell;Master;Mechanical Engineering;1926;1926
Chung_Will T.;Chinese;Illinois;Bachelor;Commercial Sciences;1920;1920
Chung_Pau Sien;Chinese;Illinois;Master;Sciences;1918;1918
Chung_Pau Sien;Chinese;Iowa;Bachelor;Sciences;1917;1917
Chung_Daniel M.;Chinese;Yale;Bachelor;Philosophy;1912;1912
Kwan_Ko Kwai;Chinese;California;Master;;1929;1929
Chen_S.T.;Chinese;Worcester Polytechnic Institute;Bachelor;Sciences;1924;1924
Chen_Kwan-Pu;Chinese;Pennsylvania;Bachelor;Sciences;1909;1909
Chen_Kwan-Pu;Chinese;St. John's University;Doctorate;Law;1929;1929
Chan_Stanley H.;Chinese;Stanford;Master;;1929;1929
Chan_Stanley H.;Chinese;California;;;1929;1930
Chan_Stanley H.;Chinese;Stanford;;;1931;1933
Chen_Sidney Y.;Chinese;Massachusetts Institute of Technology;Bachelor;Sciences;1913;1913
Chen_J.K.;Chinese;Pennsylvania;Master;;1927;1927
Chen_Ssu-Tu;Chinese;Michigan;Bachelor;Arts;1922;1922
Chen_Ssu-Tu;Chinese;Michigan;Master;;1926;1926
Zhen_M.S.;Chinese;Massachusetts Institute of Technology;Bachelor;Sciences;1914;1914
Zhen_M.S.;Chinese;Columbia;Master;;1915;1915
Chen_Henry C.H.;Chinese;Michigan;Bachelor;Sciences;1922;1922
Chen_Henry C.H.;Chinese;Michigan;Master;Sciences;1923;1923
Ch'en_Yangyi;Chinese;Oberlin;Bachelor;Arts;1929;1929
Ch'en_Yangyi;Chinese;Pennsylvania;Master;Business Administration;1932;1932
Chen_Chun;Chinese;Yale;Bachelor;Arts;1919;1919
Chen_Chun;Chinese;Pennsylvania;Master;;1921;1921
Chen_Ping-tsang;Chinese;Princeton;Master;;1924;1924
Chinn_Howard C.;Chinese;California;Bachelor;Engineering;1920;1923
Chinn_Howard C.;Chinese;Michigan;;;1924;1924
Chen_L.T.;Chinese;Yale;Bachelor;Arts;1917;1917
Chan_Guy Hugh;Chinese;Northwestern;Doctorate;Medicine;1921;1921
Chan_Guy Hugh;Chinese;Washington;Bachelor;Commercial Sciences;1917;1917
Chan_Qui Hin;Chinese;McGill;Doctorate;Medicine;1925;1925
Chen_Reignson C.;Chinese;Colorado;Bachelor;Business Administration;1921;1921
Chen_Reignson C.;Chinese;New York University;Master;Commercial Sciences;1923;1923
Chen_Ho-Chin;Chinese;Johns Hopkins;Bachelor;Arts;1917;1917
Chen_Ho-Chin;Chinese;Columbia;Master;;1919;1919
Todnem_Lawrence;Western;South Dakota;Bachelor;Arts;1912;1912
Loh_Kai Zung;Chinese;Yale;;;1924;1925
Loh_Kai Zung;Chinese;Vanderbilt;Master;;1924;1924
Loh_Pao-Kan;Chinese;Illinois;Bachelor;Sciences;1913;1913
Loh_Pao-Kan;Chinese;Columbia;Master;;1914;1914
Ho_Paul Hsu;Chinese;Illinois;;;1924;1925
Ho_Paul Hsu;Chinese;Temple;Master;Sciences;1927;1927
Ho_Paul Hsu;Chinese;Pennsylvania;;;1925;1927
Welch_Herbert;Western;Wesleyan;Bachelor;Arts;1897;1897
Wei_Sydney Koh;Chinese;Chicago;Doctorate;Undetermined;1920;1920
Wei_Sydney Koh;Chinese;Oberlin;Bachelor;Arts;1918;1918
Wei_Lott H.T.;Chinese;Pennsylvania;Master;;1918;1918
Koo_Kong Loh;Chinese;Cornell;Master;Civil Engineering;1925;1925
Koo_Nee Sun;Chinese;Cornell;Master;Civil Engineering;1921;1921
Koo_Nee Sun;Chinese;Cornell;Doctorate;Undetermined;1921;1925
Yen_H.L.;Chinese;Pennsylvania;Doctorate;Dental Surgery;1930;1930
Yen_K.T.;Chinese;Columbia;Bachelor;Arts;1927;1927
Yen_Johnson;Chinese;New York University;;;1922;1922
Yen_Fu-ching;Chinese;Yale;Doctorate;Medicine;1909;1909
Yen_Fu-ching;Chinese;Harvard;Certificate;Health Physicist;1911;1911
Yen_Loo-Ching;Chinese;Chicago;Doctorate;Law;1928;1928
Hertz_Harold;Western;Georgetown;Bachelor;Foreign Service;1926;1926
Hertz_Harold;Western;Cornell;Bachelor;Sciences;1925;1925
Gibb_John McGregor;Western;Wesleyan;Bachelor;Arts;1904;1904
Gibb_John McGregor;Western;Pennsylvania;Master;;1920;1920
Ma_Y.C.;Chinese;Yale;Bachelor;Arts;1910;1910
Ma_Y.C.;Chinese;Columbia;Doctorate;Undetermined;1914;1914
Feng_Chen Ren;Chinese;Michigan;Master;;1934;1934
Lowe_Chuan-Hwa;Chinese;Chicago;Bachelor;Philosophy;1923;1923
Calder_A. Bland;Western;Columbia;;;1915;1915
Bau_C.L.;Chinese;Minnesota;Bachelor;Arts;1917;1917
Wong_Ralph B.;Chinese;Stanford;Bachelor;Arts;1915;1915
Huang_Chester;Chinese;Grinnell;Bachelor;Arts;1919;1919
Huang_Chester;Chinese;New York University;;;1919;1921
Wong_Yuan D.;Chinese;Michigan;;;1915;1916
Wong_Yuan D.;Chinese;Minnesota;;;1916;1918
Wong_Shiu Hung;Chinese;Michigan;Bachelor;Sciences;1922;1922
Wong_Shiu Hung;Chinese;Michigan;Master;Sciences;1923;1923
Wong_Yu Fong;Chinese;California;Bachelor;Arts;1924;1924
Huang_Shu-Pei;Chinese;Rensselaer Polytechnic Institute;Doctorate;Engineering;1921;1921
Huang_Shu-Pei;Chinese;Case School of Applied Studies;Master;Engineering;1918;1918
Huang_Tsefang;Chinese;Rush Medical College;Doctorate;Medicine;1923;1923
Huang_Tsefang;Chinese;Chicago;Bachelor;Sciences;1923;1923
Huang_Tsefang;Chinese;Chicago;Master;Sciences;1923;1923
Huang_Tsefang;Chinese;Johns Hopkins;;;1923;1924
Wong_W.F.;Chinese;Illinois;Bachelor;Arts;1913;1913
Huang_H.L.;Chinese;Princeton;Bachelor;Law;1915;1915
Huang_H.L.;Chinese;Columbia;Doctorate;Undetermined;1918;1918
Wong_Benjamin;Chinese;Illinois;Doctorate;Dental Surgery;1922;1922
Huang_James Chiomin;Chinese;National (Manila);Bachelor;Sciences;1930;1930
Huang_James Chiomin;Chinese;Columbia;Master;;1932;1932
Huang_James Chiomin;Chinese;Philippine;Master;;1931;1931
Wong_James Norman;Chinese;Southern California;Master;Business Administration;1930;1930
Wong_James;Chinese;New Bedford;;;1921;1925
Wong_James;Chinese;New York University;;;1925;1926
Wong_I.P.;Chinese;Northwestern;Bachelor;Sciences;1926;1926
Wong_I.P.;Chinese;New York University;Master;Business Administration;1927;1927
Ly_J .Usang;Chinese;Columbia;Master;Arts;1913;1913
Ly_J .Usang;Chinese;New York University;Bachelor;Commercial Sciences;1912;1912
Ly_J .Usang;Chinese;Pennsylvania;Master;Arts;1916;1916
Ly_J .Usang;Chinese;Haverford;Doctorate;Law;1917;1917
Abend_Hallet;Western;Stanford;;;1905;1908
Allman_N.F.;Western;Virginia;Bachelor;Arts;1916;1916
Allman_Roy G.;Western;Virginia;Bachelor;Law;1930;1930
Armour_Wendell;Western;Yale;;;1912;1915
Baker_John Earl;Western;Wisconsin;Master;;1908;1908
Baker_John Earl;Western;Wisconsin;Bachelor;Philosophy;1906;1906
Baldwin_Berry O.;Western;Trinity;Bachelor;Sciences;1928;1928
Barnett_E.E.;Western;Emory;Bachelor;Arts;1907;1907
Bassett_Arthur;Western;Missouri State;Bachelor;Arts;1900;1900
Bassett_Arthur;Western;Washington;LL.B.;Law;Law;1902
Bates_Milton Marcus;Western;Brown;Bachelor;Philosophy;1902;1902
Beath_Sterling;Western;Chicago;Master;;1917;1917
Beath_Sterling;Western;Wisconsin;Bachelor;Arts;1913;1913
Belknap_W.C.;Western;Princeton;;;1906;1910
Bitting_Samuel Tilden;Western;Virginia;Master;;1915;1915
Bixby_Harold M.;Western;Amherst;;;1913;1913
Boone_R.A.;Western;Naval Academy (Annapolis);Bachelor;Sciences;1920;1920
Bowen_Frederick A.;Western;Middlebury;Bachelor;Arts;1911;1911
Boynton_C.L.;Western;Pomona;Bachelor;Arts;1901;1901
Bryan_Robert T.;Western;North Carolina;Bachelor;Arts;1916;1916
Bryan_Robert T.;Western;North Carolina;Bachelor;Law;1916;1916
Carnes_Paul S.;Western;Montana State;Bachelor;Sciences;1925;1925
Carr_John;Western;California Institute of Technology;Bachelor;Sciences;1924;1924
Cheek_M.C.;Western;Naval Academy (Annapolis);Bachelor;Sciences;1913;1913
Christophersen_Carl E.;Western;George Washington;;;1927;1928
Christophersen_Carl E.;Western;Drake;;;1922;1924
Clair_Verne;Western;Princeton;Bachelor;Arts;1916;1916
Cleary_Frank C.;Western;Georgetown;Bachelor;Sciences;1916;1916
Collins_Daniel J.;Western;Georgetown;Doctorate;Dental Surgery;1926;1926
Conant_Harold A.R.;Western;Cornell;;;1915;1915
Conrad_James;Western;Lafayette;Certificate;Engineering;1914;1914
Corbett_R.J.;Western;Franklin;Bachelor;Philosophy;1911;1911
Crowe_John V.;Western;Indiana;;;1909;1910
Culbertson_C.D.;Western;Wisconsin;Bachelor;Arts;1920;1920
Daub_W.H.;Western;Princeton;Certificate;Engineering;1907;1907
Dawson_Owen L.;Western;Illinois;Bachelor;Sciences;1918;1918
Dawson_Owen L.;Western;Illinois;Master;Sciences;1920;1920
Dietz_Paul;Western;Miami;Bachelor;Arts;1925;1925
Downs_W.H.;Western;California;Doctorate;Dental Surgery;1930;1930
Downs_W.H.;Western;Georgetown;Doctorate;Dental Surgery;1920;1920
Drumright_E.F.;Western;Oklahoma;Bachelor;Sciences;1929;1929
Dunn_T.B.;Western;California;Bachelor;Sciences;1913;1913
Dunn_T.B.;Western;California;Doctorate;Medicine;1916;1916
Ely_J.A.;Western;Princeton;;;1899;1899
Engdahl_Russell;Western;Georgetown;Bachelor;Sciences;1930;1930
Engdahl_Russell;Western;Washington;;;1925;1926
Farnsworth_Linden L.;Western;Illinois;;;1926;1926
Fessenden_S.;Western;Bowdoin;Bachelor;Arts;1896;1896
Fistere_Joseph Jr.;Western;Cornell;;;1917;1917
Fitch_George A.;Western;Columbia;;;1906;1909
Fitch_George A.;Western;Wooster;Bachelor;Sciences;1906;1906
Fox_Den;Western;Lehigh;Certificate;Chemical Engineering;1929;1929
Franklin_C.S.;Western;Mississippi;Bachelor;Arts;1913;1913
Franklin_C.S.;Western;Mississippi;Bachelor;Law;1914;1914
Freeman_Jo Fisher;Western;Arizona;Bachelor;Arts;1920;1920
Freeman_Jo Fisher;Western;Harvard;Master;Arts;1927;1927
Fritchman_L.A.;Western;Lehigh;Bachelor;Arts;1918;1918
Fritz_Chester;Western;Washington;Bachelor;Arts;1914;1914
Fryer_George B.;Western;California;;;1911;1911
Gill_F.W.;Western;Maryville;Bachelor;Arts;1905;1905
Gill_F.W.;Western;Ohio State;Master;;1928;1928
Gray_Norman H.;Western;Cooper Union Institute of Technology;Bachelor;Sciences;1930;1930
Harkson_US.;Western;Nebraska;Bachelor;Sciences;1916;1916
Hayes_Ernest M.;Western;Princeton;Bachelor;Arts;1920;1920
Hayes_Ernest M.;Western;Wooster;;;1914;1915
Hayes_Ernest M.;Western;Washington & Jefferson;;;1915;1916
Heald_Wallace S.;Western;Michigan;Bachelor;Sciences;1912;1912
Helmick_Milton J.;Western;Stanford;;;1905;1906
Helmick_Milton J.;Western;Stanford;;;1907;1908
Helmick_Milton J.;Western;Denver;Bachelor;Law;1910;1910
Helmick_Milton J.;Western;Colorado;;;1906;1907
Hillhouse_Francis Betts;Western;Yale;Bachelor;Arts;1925;1925
Hipps_J.B.;Western;Columbia;Master;;1926;1926
Hipps_J.B.;Western;Wake Forest;Bachelor;Arts;1907;1907
Hirsh_Cal S.;Western;Reed;Bachelor;Arts;1919;1919
Howard_Edward P.;Western;California;;;1916;1916
Howard_Hungerford B.;Western;Southern California;;;1922;1924
Howes_James Marvin;Western;Reed;Bachelor;Arts;1915;1915
Hoyt_Lansing;Western;Princeton;Bachelor;Sciences;1907;1907
Huizinga_Henry;Western;Hope College;Bachelor;Arts;1893;1893
Huizinga_Henry;Western;Hope College;Master;;1893;1893
Huizinga_Henry;Western;Michigan;Doctorate;Undetermined;1907;1907
Hunt_William P.;Western;George Washington;;;1924;1924
Huntley_Leslie Meyers;Western;Dartmouth;Bachelor;Arts;1933;1933
Hylbert_L.C.;Western;Columbia;Master;Arts;1918;1918
Hylbert_L.C.;Western;Bucknell;Bachelor;Arts;1905;1905
Hylbert_L.C.;Western;Crozen Theological Seminary;Bachelor;Theology;1908;1908
Ibusuki_Hidehiko;Japanese;Chicago;Bachelor;Law;1913;1913
Irle_K.W.;Western;Reed;Bachelor;Arts;1920;1920
Johnson_Truman R.;Western;Occidental;Bachelor;Arts;1917;1917
Kelhofer_E.;Western;Northwestern;Bachelor;Arts;1903;1903
Kelhofer_E.;Western;Chicago;Master;;1916;1916
Kelhofer_E.;Western;Northwestern;Bachelor;Philosophy;1903;1903
Kops_Paul F. de Bruyn;Western;George Washington;Bachelor;Law;1928;1928
Kops_Paul F. de Bruyn;Western;North Dakota;;;1922;1925
Laidlaw_Ashton;Western;California;Doctorate;Dental Surgery;1927;1927
Lockhart_Charles M.;Western;Purdue;Bachelor;Electrical Engineering;1923;1923
Lockhart_Oliver C.;Western;Indiana;Bachelor;Arts;1903;1903
Lockhart_Oliver C.;Western;Indiana;Master;Arts;1905;1905
Lockhart_Oliver C.;Western;Cornell;Doctorate;Undetermined;1907;1907
Lockwood_William W.;Western;DePauw;Bachelor;Philosophy;1898;1898
Lockwood_William W.;Western;Harvard;Master;;1928;1928
Loeser_Arthur E.;Western;Naval Academy (Annapolis);Bachelor;Sciences;1927;1927
Logan_Tracy H.;Western;Princeton;;;1929;1929
Luccock_Emory W.;Western;McCormick Seminary;Bachelor;Theology;1931;1931
Luccock_Emory W.;Western;Northwestern;;;1918;1919
Luccock_Emory W.;Western;Wabash;Bachelor;Arts;1916;1916
Luccock_Emory W.;Western;Wabash;Doctorate;Theology;1934;1934
Luccock_Emory W.;Western;Wooster;Doctorate;Theology;1935;1935
Lurton_N.E.;Western;Benton;Master;Law;1910;1910
Lutey_Kent;Western;Pennsylvania;;;1920;1924
MacKinnon_Joseph A.;Western;Harvard;Bachelor;Arts;1927;1927
Marchman_William R.;Western;Washington & Lee;Bachelor;Arts;1928;1928
Marcus_Morey;Western;Michigan;Bachelor;Arts;1928;1928
Martin_Paul;Western;Butler;Bachelor;Sciences;1895;1895
Martin_Paul;Western;Columbia;Doctorate;Medicine;1900;1900
McCracken_J.C.;Western;Cooper;Bachelor;Sciences;1897;1897
McCracken_J.C.;Western;Pennsylvania;Doctorate;Sciences;1927;1927
McCracken_J.C.;Western;Pennsylvania;Doctorate;Medicine;1901;1901
McIntosch_Melville .E;Western;California;Bachelor;Sciences;1926;1926
Mead_L.J.;Western;Cornell;Bachelor;Sciences;1916;1916
Meilman_Samuel L.;Western;Harvard;Master;Business Administration;1934;1934
Meilman_Samuel L.;Western;Cornell;Bachelor;Arts;1932;1932
Miller_H.P.;Western;Nebraska;Bachelor;Sciences;1916;1916
Mitchell_Myron Atwood;Western;Maine;;;1919;1919
Mokrejs_J. John;Western;Wisconsin;Bachelor;Arts;1923;1923
Morrison_C.B.;Western;Pennsylvania State;Bachelor;Sciences;1911;1911
Murphy_H.K.;Western;Yale;Bachelor;Arts;1899;1899
Nance_Dana W.;Western;Vanderbilt;Bachelor;Arts;1925;1925
Nance_Dana W.;Western;Vanderbilt;Doctorate;Medicine;1929;1929
Nance_William K.;Western;Vanderbilt;Bachelor;Arts;1921;1921
Nance_William K.;Western;Vanderbilt;Doctorate;Medicine;1924;1924
Neprud_Carl;Western;Wisconsin;Bachelor;Arts;1912;1912
Neprud_Carl;Western;Wisconsin;Master;;1927;1927
Newell_Ralph P.;Western;Dartmouth;Bachelor;Sciences;1924;1924
Nichols_Charles A._Jr.;Western;Princeton;Bachelor;Arts;1923;1923
Nichols_Ralph B.;Western;Wesleyan;Bachelor;Sciences;1913;1913
Painter_Wilfred L.;Western;Washington;;;1924;1929
Perkins_James E.;Western;California;Bachelor;Arts;1921;1921
Pharis_LeRoy M.;Western;Syracuse;Certificate;Engineering;1907;1907
Potter_John S.;Western;Western University of Pennsylvania;;;1903;1903
Powell_John B.;Western;Missouri;Bachelor;Law;1910;1910
Raven_Walter F.;Western;Santa Clara;Bachelor;Philosophy;1929;1929
Raven_Walter F.;Western;Harvard;;;1929;1930
Reed_John T.S.;Western;Harvard;Bachelor;Arts;1915;1915
Rehn_Henry J.;Western;Chicago;Doctorate;Undetermined;1930;1930
Rehn_Henry J.;Western;Oregon State;Bachelor;Sciences;1924;1924
Rehn_Henry J.;Western;Oregon State;Master;Business Administration;1925;1925
Rhame_John F.;Western;Columbia;Certificate;Electrical Engineering;1906;1906
Riddick_I.G.;Western;North Carolina;Certificate;Engineering;1912;1912
Ridgway_J.W.;Western;Georgetown;Doctorate;Dental Surgery;1917;1917
Robbins_F.L.;Western;Massachusetts Institute of Technology;;;1893;1894
Robbins_F.L.;Western;Massachusetts College of Pharmacy;;;1895;1898
Roberts_Donald;Western;Harvard;Master;;1915;1915
Roberts_Donald;Western;Princeton;Bachelor;Arts;1909;1909
Roberts_Donald;Western;Princeton;Master;;1926;1926
Roberts_R.P.;Western;Colorado;Bachelor;Sciences;1910;1910
Rossiter_Fred J.;Western;Iowa State;Bachelor;Sciences;1920;1920
Rossiter_Fred J.;Western;Iowa State;Master;Sciences;1928;1928
Seibert_Elvin;Western;Columbia;Bachelor;Arts;1924;1924
Sellers_C.G.;Western;Sewanee;;;1917;1917
Sellett_George;Western;Michigan;Bachelor;Arts;1920;1920
Sellett_George;Western;Michigan;Doctorate;Law;1922;1922
Service_Robert R.;Western;California;Bachelor;Sciences;1902;1902
Sheridan_H.J.;Western;Yale;Bachelor;Philosophy;1911;1911
Simmons_W.M.;Western;Columbia;Bachelor;Arts;1923;1923
Sipprell_William A._Jr.;Western;Oregon;;;1929;1929
Siroff_Michael P.;Western;Southern California;Bachelor;Sciences;1932;1932
Smith_H. Maxcy_Jr.;Western;Hampden;Bachelor;Arts;1929;1929
Smith_W. Rector;Western;Washington;Doctorate;Dental Surgery;1907;1907
Speery_Henry M.;Western;Michigan;;;1924;1925
Speery_Henry M.;Western;Columbia;Bachelor;Arts;1928;1928
Stocker_E.C.;Western;Wisconsin;Bachelor;Sciences;1909;1909
Stocker_E.C.;Western;Wisconsin;Certificate;Engineering;1924;1924
Tobin_Chester M.;Western;Macalester;Bachelor;Arts;1920;1920
Vanderburgh_R.M.;Western;Wooster;;;1917;1917
Vaughn_Charles S.;Western;Vanderbilt;;;1926;1926
Villers_Ernest;Western;Denison;Bachelor;Sciences;1914;1914
Villers_Ernest;Western;Oklahoma;Bachelor;Rhetoric;1919;1919
Villers_Ernest;Western;Texas;;;1927;1930
Wadsworth_Julius;Western;Harvard;Bachelor;Arts;1926;1926
Watson_Felthan;Western;St. Louis;Bachelor;Law;1924;1924
Welles_Henry H.;Western;Princeton;Bachelor;Sciences;1921;1921
Welles_Henry H.;Western;Columbia;Doctorate;Undetermined;1932;1932
Wells_Ralph Crane;Western;Colorado;Bachelor;Sciences;1901;1901
Wells_Ralph Crane;Western;Colorado;Doctorate;Undetermined;1931;1931
Wells_Ralph Crane;Western;Columbia;Master;;1920;1920
West_Eric Ralph;Western;California;Bachelor;Arts;1917;1917
West_Eric Ralph;Western;George Washington;Bachelor;Law;1927;1927
Wilbur_Hollis A.;Western;Ohio Wesleyan;Bachelor;Arts;1896;1896
Wilbur_Hollis A.;Western;Ohio Wesleyan;Master;Arts;1896;1896
Wythe_Donald H.;Western;New York University;;;1914;1916
Young_Arthur N.;Western;Occidental;Bachelor;Arts;1910;1910
Young_Arthur N.;Western;George Washington;Bachelor;Law;1927;1927
Young_Arthur N.;Western;Princeton;Bachelor;Philosophy;1914;1914